{"actions":[],"apps":[{"acl":{"app":[],"field":[],"record":[]},"app":null,"category":{"categories":[],"useCategory":"false"},"form":{"layout":"[{\"id\":null,\"type\":\"ROW\",\"isSubTable\":false,\"var\":null,\"label\":null,\"controlList\":[{\"isVirtical\":true,\"styleMap\":{\"width\":344},\"type\":\"SINGLE_LINE_TEXT\",\"var\":\"タイトル\",\"label\":\"タイトル\"},{\"isVirtical\":true,\"styleMap\":{\"width\":344},\"type\":\"LINK\",\"var\":\"URL\",\"label\":\"URL\"}]},{\"id\":null,\"type\":\"ROW\",\"isSubTable\":false,\"var\":null,\"label\":null,\"controlList\":[{\"label\":\"\\u003Cdiv\\u003EURLを入力するとリンクが設定されます。\\u003C/div\\u003E\",\"styleMap\":{\"width\":312},\"formatted\":\"\\u003Cdiv\\u003EURLを入力するとリンクが設定されます。\\u003C/div\\u003E\",\"type\":\"LABEL\"}]},{\"id\":null,\"type\":\"ROW\",\"isSubTable\":false,\"var\":null,\"label\":null,\"controlList\":[{\"isVirtical\":true,\"styleMap\":{\"width\":208},\"type\":\"SINGLE_CHECK\",\"var\":\"お知らせ表示\",\"label\":\"お知らせ表示\",\"align\":\"horizontal\"},{\"isVirtical\":true,\"styleMap\":{\"width\":136},\"type\":\"DECIMAL\",\"var\":\"表示順\",\"label\":\"表示順\"}]},{\"id\":null,\"type\":\"ROW\",\"isSubTable\":false,\"var\":null,\"label\":null,\"controlList\":[{\"isVirtical\":true,\"styleMap\":{\"width\":118},\"type\":\"DATE\",\"var\":\"掲載開始日\",\"label\":\"掲載開始日\"},{\"isVirtical\":true,\"styleMap\":{\"width\":118},\"type\":\"DATE\",\"var\":\"掲載終了日\",\"label\":\"掲載終了日\"}]},{\"id\":null,\"type\":\"ROW\",\"isSubTable\":false,\"var\":null,\"label\":null,\"controlList\":[{\"label\":\"\\u003Cdiv\\u003E掲載期間を設定すると、その期間内だけ表示れます。\\u003Cdiv\\u003E開始部と終了日のどちらか片方だけを設定することも可能です。\\u003C/div\\u003E\\u003C/div\\u003E\",\"styleMap\":{\"width\":437},\"formatted\":\"\\u003Cdiv\\u003E掲載期間を設定すると、その期間内だけ表示れます。\\u003Cdiv\\u003E開始部と終了日のどちらか片方だけを設定することも可能です。\\u003C/div\\u003E\\u003C/div\\u003E\",\"type\":\"LABEL\"}]},{\"id\":null,\"type\":\"ROW\",\"isSubTable\":false,\"var\":null,\"label\":null,\"controlList\":[{\"isVirtical\":true,\"styleMap\":{\"width\":688,\"height\":162,\"innerHeight\":125},\"type\":\"MULTIPLE_LINE_TEXT\",\"var\":\"お知らせ内容\",\"label\":\"お知らせ内容\"}]},{\"id\":null,\"type\":\"ROW\",\"isSubTable\":false,\"var\":null,\"label\":null,\"controlList\":[{\"styleMap\":{\"width\":784},\"type\":\"HR\"}]},{\"id\":null,\"type\":\"ROW\",\"isSubTable\":false,\"var\":null,\"label\":null,\"controlList\":[{\"isVirtical\":true,\"styleMap\":{\"width\":120},\"type\":\"RECORD_ID\",\"var\":\"レコード番号\",\"label\":\"レコード番号\"},{\"isVirtical\":true,\"styleMap\":{\"width\":196},\"type\":\"CREATED_AT\",\"var\":\"作成日時\",\"label\":\"作成日時\"},{\"isVirtical\":true,\"styleMap\":{\"width\":136},\"type\":\"CREATOR\",\"var\":\"作成者\",\"label\":\"作成者\"},{\"isVirtical\":true,\"styleMap\":{\"width\":196},\"type\":\"MODIFIED_AT\",\"var\":\"更新日時\",\"label\":\"更新日時\"},{\"isVirtical\":true,\"styleMap\":{\"width\":136},\"type\":\"MODIFIER\",\"var\":\"更新者\",\"label\":\"更新者\"}]}]","revision":null},"iconMeta":null,"info":{"automaticallyChooseTitleComponent":"true","code":null,"decimalPrecision":"16","decimalScale":"4","description":"","enableBulkDeletion":"false","enableRecordReuse":"true","fiscalYearStartMonth":"4","iconKey":"APP73","iconType":"PRESET","jsFiles":null,"jsScope":"ALL","name":"【Portal】お知らせ管理アプリ","roundingMode":"HALF_EVEN","theme":"PLAIN","titleComponentLocalId":null,"useComment":"true","useHistory":"true","useThumbnail":"true"},"jsFiles":[],"notification":{"appNotifications":[{"events":["RECORD_COMMENT_ADDED"],"target":{"entityId":"5699631","entityType":"FIELD_ENTITY","includeSubs":"false"}},{"events":["RECORD_COMMENT_ADDED"],"target":{"entityId":"5699632","entityType":"FIELD_ENTITY","includeSubs":"false"}}],"recordNotifications":[],"reminderTimezone":null,"reminders":[],"useComment":"true","useReminder":"false"},"plugins":[],"reports":[],"resource":{"tables":[{"rows":[{"fields":[],"objectId":"0","subObjectId":"-1"}],"type":"AppName"},{"rows":[{"fields":[],"objectId":"0","subObjectId":"-1"}],"type":"AppDescription"},{"rows":[{"fields":[],"objectId":"5699630","subObjectId":"-1"},{"fields":[],"objectId":"5699631","subObjectId":"-1"},{"fields":[],"objectId":"5699632","subObjectId":"-1"},{"fields":[],"objectId":"5699633","subObjectId":"-1"},{"fields":[],"objectId":"5699634","subObjectId":"-1"},{"fields":[],"objectId":"5699635","subObjectId":"-1"},{"fields":[],"objectId":"5699636","subObjectId":"-1"},{"fields":[],"objectId":"5699637","subObjectId":"-1"},{"fields":[],"objectId":"5950252","subObjectId":"-1"},{"fields":[],"objectId":"5950253","subObjectId":"-1"},{"fields":[],"objectId":"5950254","subObjectId":"-1"},{"fields":[],"objectId":"5950254","subObjectId":"5950250"},{"fields":[],"objectId":"5950254","subObjectId":"5950251"},{"fields":[],"objectId":"5950255","subObjectId":"-1"},{"fields":[],"objectId":"5950256","subObjectId":"-1"},{"fields":[],"objectId":"5950257","subObjectId":"-1"},{"fields":[],"objectId":"5951233","subObjectId":"-1"}],"type":"FieldLabel"},{"rows":[{"fields":[],"objectId":"5950259","subObjectId":"-1"},{"fields":[],"objectId":"5950261","subObjectId":"-1"},{"fields":[],"objectId":"20","subObjectId":"-1"}],"type":"ViewName"}]},"schema":{"groups":[],"revision":null,"subTable":{},"table":{"fieldList":{"5699630":{"id":"5699630","label":"レコード番号","properties":{"noLabel":"false","required":"true"},"type":"RECORD_ID","var":"レコード番号"},"5699631":{"id":"5699631","label":"更新者","properties":{"noLabel":"false","required":"true"},"type":"MODIFIER","var":"更新者"},"5699632":{"id":"5699632","label":"作成者","properties":{"noLabel":"false","required":"true"},"type":"CREATOR","var":"作成者"},"5699633":{"id":"5699633","label":"更新日時","properties":{"noLabel":"false","required":"true"},"type":"MODIFIED_AT","var":"更新日時"},"5699634":{"id":"5699634","label":"作成日時","properties":{"noLabel":"false","required":"true"},"type":"CREATED_AT","var":"作成日時"},"5699635":{"id":"5699635","label":"ステータス","properties":{"noLabel":"false","required":"false"},"type":"STATUS","var":"ステータス"},"5699636":{"id":"5699636","label":"作業者","properties":{"noLabel":"false","required":"false"},"type":"STATUS_ASSIGNEE","var":"作業者"},"5699637":{"id":"5699637","label":"カテゴリー","properties":{"noLabel":"false","required":"false"},"type":"CATEGORY","var":"カテゴリー"},"5950252":{"id":"5950252","label":"タイトル","properties":{"defaultValue":"","expression":"","hideExpression":"false","max":null,"min":null,"noLabel":"false","required":"true","unique":"false"},"type":"SINGLE_LINE_TEXT","var":"タイトル"},"5950253":{"id":"5950253","label":"URL","properties":{"defaultValue":"","max":null,"min":null,"noLabel":"false","protocol":"WEB","required":"false","unique":"false"},"type":"LINK","var":"URL"},"5950254":{"id":"5950254","label":"お知らせ表示","properties":{"defaultValue":"5950250","noLabel":"false","options":[{"id":"5950250","label":"表示","valid":true},{"id":"5950251","label":"非表示","valid":true}],"required":"true"},"type":"SINGLE_CHECK","var":"お知らせ表示"},"5950255":{"id":"5950255","label":"表示順","properties":{"defaultValue":null,"digit":"false","displayScale":null,"max":null,"min":null,"noLabel":"false","required":"false","roundingMode":null,"scale":null,"unique":"false","unit":"","unitPosition":"BEFORE"},"type":"DECIMAL","var":"表示順"},"5950256":{"id":"5950256","label":"掲載開始日","properties":{"defaultExpression":null,"defaultValue":null,"noLabel":"false","required":"false","unique":"false"},"type":"DATE","var":"掲載開始日"},"5950257":{"id":"5950257","label":"掲載終了日","properties":{"defaultExpression":null,"defaultValue":null,"noLabel":"false","required":"false","unique":"false"},"type":"DATE","var":"掲載終了日"},"5951233":{"id":"5951233","label":"お知らせ内容","properties":{"defaultValue":"","noLabel":"false","required":"false"},"type":"MULTIPLE_LINE_TEXT","var":"お知らせ内容"}},"id":"1","label":"__ROOT__","properties":null,"var":"__ROOT__"}},"settingsNotesForm":{"content":null,"willBeInherited":null},"status":{"actions":[],"filters":[],"initialStateId":null,"states":[],"useStatus":"false"},"uuid":"4dc843d0-a7d0-4e2a-846d-c95a06a5e069","views":[{"advancedMode":"false","builtinType":null,"device":null,"fields":[{"row":[{"columnWidth":null,"id":"5699630"},{"columnWidth":null,"id":"5950255"},{"columnWidth":null,"id":"5950254"},{"columnWidth":null,"id":"5950252"},{"columnWidth":null,"id":"5950253"},{"columnWidth":null,"id":"5950256"},{"columnWidth":null,"id":"5950257"},{"columnWidth":null,"id":"5951233"},{"columnWidth":null,"id":"5699634"},{"columnWidth":null,"id":"5699632"},{"columnWidth":null,"id":"5699633"},{"columnWidth":null,"id":"5699631"}]}],"filter":{"category":null,"offset":null,"order":["ASC"],"q":"f5950254 in (\"5950250\")","size":null,"sort":["f5950255"]},"html":null,"keyFieldId":null,"name":"表示中のお知らせ","pager":null,"revision":null,"titleFieldId":null,"view":"5950259","viewType":"LIST"},{"advancedMode":"false","builtinType":null,"device":null,"fields":[{"row":[{"columnWidth":null,"id":"5699630"},{"columnWidth":null,"id":"5950255"},{"columnWidth":null,"id":"5950254"},{"columnWidth":null,"id":"5950252"},{"columnWidth":null,"id":"5950253"},{"columnWidth":null,"id":"5950256"},{"columnWidth":null,"id":"5950257"},{"columnWidth":null,"id":"5951233"},{"columnWidth":null,"id":"5699634"},{"columnWidth":null,"id":"5699632"},{"columnWidth":null,"id":"5699633"},{"columnWidth":null,"id":"5699631"}]}],"filter":{"category":null,"offset":null,"order":["ASC","ASC","ASC"],"q":null,"size":null,"sort":["f5950254","f5950255","f5699630"]},"html":null,"keyFieldId":null,"name":"お知らせ一覧","pager":null,"revision":null,"titleFieldId":null,"view":"5950261","viewType":"LIST"},{"advancedMode":null,"builtinType":"ALL","device":null,"fields":[{"row":[{"columnWidth":null,"id":"5699630"},{"columnWidth":null,"id":"5950252"},{"columnWidth":null,"id":"5950253"},{"columnWidth":null,"id":"5950254"},{"columnWidth":null,"id":"5950255"},{"columnWidth":null,"id":"5950256"},{"columnWidth":null,"id":"5950257"},{"columnWidth":null,"id":"5951233"}]}],"filter":{"category":null,"offset":null,"order":[],"q":null,"size":null,"sort":[]},"html":null,"keyFieldId":null,"name":"（すべて）","pager":null,"revision":null,"titleFieldId":null,"view":"20","viewType":"LIST"}]}],"description":"kintone Material Portal","iconKey":"APP73","iconMeta":null,"iconSrcAppId":"4dc843d0-a7d0-4e2a-846d-c95a06a5e069","iconType":"PRESET","imagesMeta":[],"lookups":[],"name":"【Portal】お知らせ管理アプリ","references":[],"version":"37"}