{"actions":[],"apps":[{"acl":{"app":[],"field":[],"record":[]},"app":null,"category":{"categories":[],"useCategory":"false"},"form":{"layout":"[{\"id\":null,\"type\":\"ROW\",\"isSubTable\":false,\"var\":null,\"label\":null,\"controlList\":[{\"isVirtical\":true,\"styleMap\":{\"width\":560},\"type\":\"SINGLE_LINE_TEXT\",\"var\":\"ウィジェット名\",\"label\":\"ウィジェット名\"}]},{\"id\":null,\"type\":\"ROW\",\"isSubTable\":false,\"var\":null,\"label\":null,\"controlList\":[{\"isVirtical\":true,\"styleMap\":{\"width\":256},\"type\":\"SINGLE_CHECK\",\"var\":\"ウィジェット表示\",\"label\":\"ウィジェット表示\",\"align\":\"horizontal\"}]},{\"id\":null,\"type\":\"ROW\",\"isSubTable\":false,\"var\":null,\"label\":null,\"controlList\":[{\"isVirtical\":true,\"styleMap\":{\"width\":162},\"type\":\"DECIMAL\",\"var\":\"ウィジェット表示順\",\"label\":\"ウィジェット表示順\"},{\"isVirtical\":true,\"styleMap\":{\"width\":236},\"type\":\"SINGLE_SELECT\",\"var\":\"ウィジェットカラー\",\"label\":\"ウィジェットカラー\"},{\"styleMap\":{\"width\":162,\"height\":77},\"elementId\":\"widget-color\",\"type\":\"SPACER\"}]},{\"id\":null,\"type\":\"ROW\",\"isSubTable\":false,\"var\":null,\"label\":null,\"controlList\":[{\"label\":\"\\u003Cdiv\\u003Eポータル画面に表示する順番を設定します。\\u003C/div\\u003E\",\"styleMap\":{\"width\":309},\"formatted\":\"\\u003Cdiv\\u003Eポータル画面に表示する順番を設定します。\\u003C/div\\u003E\",\"type\":\"LABEL\"}]},{\"id\":null,\"type\":\"ROW\",\"isSubTable\":false,\"var\":null,\"label\":null,\"controlList\":[{\"styleMap\":{\"width\":834},\"type\":\"HR\"}]},{\"id\":\"5858504\",\"type\":\"SUBTABLE\",\"isSubTable\":true,\"var\":\"アプリリスト\",\"label\":\"アプリリスト\",\"controlList\":[{\"isVirtical\":true,\"styleMap\":{\"width\":98},\"type\":\"DECIMAL\",\"var\":\"アプリID\",\"label\":\"アプリID\"},{\"isVirtical\":true,\"styleMap\":{\"width\":368},\"type\":\"SINGLE_LINE_TEXT\",\"var\":\"アプリ名\",\"label\":\"アプリ名\"},{\"isVirtical\":true,\"styleMap\":{\"width\":368},\"type\":\"SINGLE_LINE_TEXT\",\"var\":\"表示名\",\"label\":\"表示名\"}]},{\"id\":null,\"type\":\"ROW\",\"isSubTable\":false,\"var\":null,\"label\":null,\"controlList\":[{\"label\":\"\\u003Cdiv\\u003EアプリIDを入力すると自動的にアプリ名が入力されます。\\u003Cdiv\\u003E&#xff08;※アプリが存在しない場合は何も入力されません。&#xff09;\\u003C/div\\u003E\\u003Cdiv\\u003Eポータルに表示する際に別の表記にしたい場合は表示名にその名前を入力します。\\u003C/div\\u003E\\u003C/div\\u003E\",\"styleMap\":{\"width\":547},\"formatted\":\"\\u003Cdiv\\u003EアプリIDを入力すると自動的にアプリ名が入力されます。\\u003Cdiv\\u003E（※アプリが存在しない場合は何も入力されません。）\\u003C/div\\u003E\\u003Cdiv\\u003Eポータルに表示する際に別の表記にしたい場合は表示名にその名前を入力します。\\u003C/div\\u003E\\u003C/div\\u003E\",\"type\":\"LABEL\"}]},{\"id\":null,\"type\":\"ROW\",\"isSubTable\":false,\"var\":null,\"label\":null,\"controlList\":[{\"styleMap\":{\"width\":834},\"type\":\"HR\"}]},{\"id\":null,\"type\":\"ROW\",\"isSubTable\":false,\"var\":null,\"label\":null,\"controlList\":[{\"isVirtical\":true,\"styleMap\":{\"width\":120},\"type\":\"RECORD_ID\",\"var\":\"レコード番号\",\"label\":\"レコード番号\"},{\"isVirtical\":true,\"styleMap\":{\"width\":196},\"type\":\"CREATED_AT\",\"var\":\"作成日時\",\"label\":\"作成日時\"},{\"isVirtical\":true,\"styleMap\":{\"width\":136},\"type\":\"CREATOR\",\"var\":\"作成者\",\"label\":\"作成者\"},{\"isVirtical\":true,\"styleMap\":{\"width\":196},\"type\":\"MODIFIED_AT\",\"var\":\"更新日時\",\"label\":\"更新日時\"},{\"isVirtical\":true,\"styleMap\":{\"width\":136},\"type\":\"MODIFIER\",\"var\":\"更新者\",\"label\":\"更新者\"}]}]","revision":null},"iconMeta":null,"info":{"automaticallyChooseTitleComponent":"true","code":null,"decimalPrecision":"16","decimalScale":"4","description":"\u003Cdiv\u003E\u003Cbr /\u003E\u003C/div\u003E","enableBulkDeletion":"false","enableRecordReuse":"true","fiscalYearStartMonth":"4","iconKey":"APP70","iconType":"PRESET","jsFiles":null,"jsScope":"ALL","name":"【Portal】ポータル管理アプリ","roundingMode":"HALF_EVEN","theme":"PLAIN","titleComponentLocalId":null,"useComment":"true","useHistory":"true","useThumbnail":"true"},"jsFiles":[{"jsFileMetas":[{"internalName":null,"locationType":"URL","mime":null,"name":null,"url":"https://js.cybozu.com/sweetalert2/v11.2.1/sweetalert2.min.css"}],"jsType":"DESKTOP_CSS"},{"jsFileMetas":[{"internalName":null,"locationType":"URL","mime":null,"name":null,"url":"https://js.cybozu.com/jquery/2.2.4/jquery.min.js"},{"internalName":null,"locationType":"URL","mime":null,"name":null,"url":"https://js.cybozu.com/sweetalert2/v11.2.1/sweetalert2.min.js"},{"internalName":null,"locationType":"BLOB","mime":"application/javascript","name":"script.js","url":null}],"jsType":"DESKTOP"}],"notification":{"appNotifications":[{"events":["RECORD_COMMENT_ADDED"],"target":{"entityId":"5858491","entityType":"FIELD_ENTITY","includeSubs":"false"}},{"events":["RECORD_COMMENT_ADDED"],"target":{"entityId":"5858492","entityType":"FIELD_ENTITY","includeSubs":"false"}}],"recordNotifications":[],"reminderTimezone":null,"reminders":[],"useComment":"true","useReminder":"false"},"plugins":[],"reports":[],"resource":{"tables":[{"rows":[{"fields":[],"objectId":"0","subObjectId":"-1"}],"type":"AppName"},{"rows":[{"fields":[],"objectId":"0","subObjectId":"-1"}],"type":"AppDescription"},{"rows":[{"fields":[],"objectId":"5858490","subObjectId":"-1"},{"fields":[],"objectId":"5858491","subObjectId":"-1"},{"fields":[],"objectId":"5858492","subObjectId":"-1"},{"fields":[],"objectId":"5858493","subObjectId":"-1"},{"fields":[],"objectId":"5858494","subObjectId":"-1"},{"fields":[],"objectId":"5858495","subObjectId":"-1"},{"fields":[],"objectId":"5858496","subObjectId":"-1"},{"fields":[],"objectId":"5858497","subObjectId":"-1"},{"fields":[],"objectId":"5858498","subObjectId":"-1"},{"fields":[],"objectId":"5858504","subObjectId":"-1"},{"fields":[],"objectId":"5858502","subObjectId":"-1"},{"fields":[],"objectId":"5858503","subObjectId":"-1"},{"fields":[],"objectId":"5950244","subObjectId":"-1"},{"fields":[],"objectId":"5858518","subObjectId":"-1"},{"fields":[],"objectId":"5950247","subObjectId":"-1"},{"fields":[],"objectId":"5950247","subObjectId":"5950245"},{"fields":[],"objectId":"5950247","subObjectId":"5950246"},{"fields":[],"objectId":"5950403","subObjectId":"-1"},{"fields":[],"objectId":"5950403","subObjectId":"5950395"},{"fields":[],"objectId":"5950403","subObjectId":"5950396"},{"fields":[],"objectId":"5950403","subObjectId":"5950400"},{"fields":[],"objectId":"5950403","subObjectId":"5950399"},{"fields":[],"objectId":"5950403","subObjectId":"5950398"},{"fields":[],"objectId":"5950403","subObjectId":"5950397"},{"fields":[],"objectId":"5950403","subObjectId":"5950402"},{"fields":[],"objectId":"5950403","subObjectId":"5950401"}],"type":"FieldLabel"},{"rows":[{"fields":[],"objectId":"5950545","subObjectId":"-1"},{"fields":[],"objectId":"5951299","subObjectId":"-1"},{"fields":[],"objectId":"20","subObjectId":"-1"}],"type":"ViewName"}]},"schema":{"groups":[],"revision":null,"subTable":{"5858504":{"fieldList":{"5858502":{"id":"5858502","label":"アプリID","properties":{"defaultValue":null,"digit":"false","displayScale":null,"max":null,"min":null,"noLabel":"false","required":"false","roundingMode":null,"scale":null,"unique":"false","unit":"","unitPosition":"BEFORE"},"type":"DECIMAL","var":"アプリID"},"5858503":{"id":"5858503","label":"表示名","properties":{"defaultValue":"","expression":"","hideExpression":"false","max":null,"min":null,"noLabel":"false","required":"false","unique":"false"},"type":"SINGLE_LINE_TEXT","var":"表示名"},"5950244":{"id":"5950244","label":"アプリ名","properties":{"defaultValue":"","expression":"","hideExpression":"false","max":null,"min":null,"noLabel":"false","required":"false","unique":"false"},"type":"SINGLE_LINE_TEXT","var":"アプリ名"}},"id":"5858504","label":"アプリリスト","properties":{"noLabel":"false"},"var":"アプリリスト"}},"table":{"fieldList":{"5858490":{"id":"5858490","label":"レコード番号","properties":{"noLabel":"false","required":"true"},"type":"RECORD_ID","var":"レコード番号"},"5858491":{"id":"5858491","label":"更新者","properties":{"noLabel":"false","required":"true"},"type":"MODIFIER","var":"更新者"},"5858492":{"id":"5858492","label":"作成者","properties":{"noLabel":"false","required":"true"},"type":"CREATOR","var":"作成者"},"5858493":{"id":"5858493","label":"更新日時","properties":{"noLabel":"false","required":"true"},"type":"MODIFIED_AT","var":"更新日時"},"5858494":{"id":"5858494","label":"作成日時","properties":{"noLabel":"false","required":"true"},"type":"CREATED_AT","var":"作成日時"},"5858495":{"id":"5858495","label":"ステータス","properties":{"noLabel":"false","required":"false"},"type":"STATUS","var":"ステータス"},"5858496":{"id":"5858496","label":"作業者","properties":{"noLabel":"false","required":"false"},"type":"STATUS_ASSIGNEE","var":"作業者"},"5858497":{"id":"5858497","label":"カテゴリー","properties":{"noLabel":"false","required":"false"},"type":"CATEGORY","var":"カテゴリー"},"5858498":{"id":"5858498","label":"ウィジェット名","properties":{"defaultValue":"","expression":"","hideExpression":"false","max":null,"min":null,"noLabel":"false","required":"true","unique":"false"},"type":"SINGLE_LINE_TEXT","var":"ウィジェット名"},"5858518":{"id":"5858518","label":"ウィジェット表示順","properties":{"defaultValue":null,"digit":"false","displayScale":"0","max":null,"min":"0","noLabel":"false","required":"true","roundingMode":null,"scale":null,"unique":"false","unit":"","unitPosition":"BEFORE"},"type":"DECIMAL","var":"ウィジェット表示順"},"5950247":{"id":"5950247","label":"ウィジェット表示","properties":{"defaultValue":"5950245","noLabel":"false","options":[{"id":"5950245","label":"表示","valid":true},{"id":"5950246","label":"非表示","valid":true}],"required":"true"},"type":"SINGLE_CHECK","var":"ウィジェット表示"},"5950403":{"id":"5950403","label":"ウィジェットカラー","properties":{"defaultValue":"5950395","noLabel":"false","options":[{"id":"5950395","label":"オレンジ","valid":true},{"id":"5950396","label":"みずいろ","valid":true},{"id":"5950400","label":"みどり","valid":true},{"id":"5950399","label":"きいろ","valid":true},{"id":"5950398","label":"エメラルドグリーン","valid":true},{"id":"5950397","label":"あか","valid":true},{"id":"5950402","label":"ピンク","valid":true},{"id":"5950401","label":"あお","valid":true}],"required":"true"},"type":"SINGLE_SELECT","var":"ウィジェットカラー"}},"id":"1","label":"__ROOT__","properties":null,"var":"__ROOT__"}},"settingsNotesForm":{"content":null,"willBeInherited":null},"status":{"actions":[],"filters":[],"initialStateId":null,"states":[],"useStatus":"false"},"uuid":"76d530da-07c0-43c6-8b37-420a174b761d","views":[{"advancedMode":"false","builtinType":null,"device":null,"fields":[{"row":[{"columnWidth":null,"id":"5858490"},{"columnWidth":null,"id":"5858498"},{"columnWidth":null,"id":"5858518"},{"columnWidth":null,"id":"5950247"},{"columnWidth":null,"id":"5950403"}]}],"filter":{"category":null,"offset":null,"order":["ASC"],"q":"f5950247 in (\"5950245\")","size":null,"sort":["f5858518"]},"html":null,"keyFieldId":null,"name":"表示中のアプリグループ","pager":null,"revision":null,"titleFieldId":null,"view":"5950545","viewType":"LIST"},{"advancedMode":"false","builtinType":null,"device":null,"fields":[{"row":[{"columnWidth":null,"id":"5858490"},{"columnWidth":null,"id":"5858498"},{"columnWidth":null,"id":"5858518"},{"columnWidth":null,"id":"5950247"},{"columnWidth":null,"id":"5950403"}]}],"filter":{"category":null,"offset":null,"order":["ASC"],"q":null,"size":null,"sort":["f5858518"]},"html":null,"keyFieldId":null,"name":"アプリグループ一覧","pager":null,"revision":null,"titleFieldId":null,"view":"5951299","viewType":"LIST"},{"advancedMode":null,"builtinType":"ALL","device":null,"fields":[{"row":[{"columnWidth":null,"id":"5858490"},{"columnWidth":null,"id":"5858498"},{"columnWidth":null,"id":"5858518"},{"columnWidth":null,"id":"5950247"},{"columnWidth":null,"id":"5950403"}]}],"filter":{"category":null,"offset":null,"order":[],"q":null,"size":null,"sort":[]},"html":null,"keyFieldId":null,"name":"（すべて）","pager":null,"revision":null,"titleFieldId":null,"view":"20","viewType":"LIST"}]}],"description":"for kintone Material Portal","iconKey":"APP70","iconMeta":null,"iconSrcAppId":"76d530da-07c0-43c6-8b37-420a174b761d","iconType":"PRESET","imagesMeta":[],"lookups":[],"name":"【Portal】ポータル管理アプリ","references":[],"version":"37"}